{"/wamp64/www/public\\index.html": 1685215850.729842, "/wamp64/www/public\\Iworked.txt": 1685227454.7746458, "/wamp64/www/public\\output.css": 1685215708.8108284, "/wamp64/www/public\\register.html": 1685215892.3701286, "/wamp64/www/public\\img\\Cover.png": 1685216951.5521913, "/wamp64/www/public\\img\\logo.jpg": 1677472096.1939032}